,Query Id,Query Name,Date,Title,Snippet,Url,Domain,Sentiment,Emotion,Page Type,Language,Country Code,Continent Code,Continent,Country,State Code,County Code,City Code,Notes,Account Type,Assignment,Author,Author City,Author City Code,Author Continent,Author Continent Code,Author Country,Author Country Code,Author County,Author County Code,Author Location,Author State,Author State Code,Avatar,Average Pages per Visitor,Average Visits per Visitor,Backlinks,Blog Comments,Category Details,Checked,City,County,Display URLs,Engagement Score,Expanded URLs,Facebook Author ID,Facebook Comments,Facebook Likes,Facebook Role,Facebook Shares,Facebook Subtype,Forum Posts,Forum Views,Full Name,Gender,Hashtags,Impact,Impressions,Instagram Comments,Instagram Followers,Instagram Following,Instagram Likes,Instagram Posts,Interest,Kred Influence,Kred Outreach,Last Assignment Date,Latitude,Location Name,Longitude,Media Filter,Media URLs,Mentioned Authors,Minutes per Visitor,Percentage Female,Percentage Male,Priority,Professions,Twitter Reach,Resource Id,Short URLs,Starred,State,Status,Subtype,Tags,Thread Author,Thread Created Date,Thread Entry Type,Thread Id,Thread URL,Total Monthly Visitors,Tracked Link Clicks,Tracked Links,Twitter Author ID,Twitter Channel Role,Twitter Followers,Twitter Following,Twitter Reply Count,Twitter Reply to,Twitter Retweet of,Twitter Retweets,Twitter Tweets,Twitter Verified,Word Count,mozRank Score,Reach (new),Platform
1,1999909584,Tresemme,0.03287037,Today I attempted to commit suicide,I don‚Äôt know your situation and I can‚Äôt imagine the pain you are going through but I know if you leave you will be missed greatly. Please don‚Äôt underestimate the power your presence has. You are loved. I‚Äôm sorry for the pain your are going through.,https://www.reddit.com/r/SuicideWatch/comments/di033h/today_i_attempted_to_commit_suicide/f3srb22/#58c38e281.f3srb22,www.reddit.com,neutral,Sadness,forum,en,us,n-a,North America,United States,,,,,,,jordi_c,,,North America,n-a,United States,us,,,"n-a,us,,,",,,https://www.redditstatic.com/avatars/avatar_default_09_FF4500.png,0,10,0,0,,FALSE,,,,0,,,0,0,,0,,0,0,,unknown,,41,0,0,0,0,0,0,,0,0,,0,,0,,,,0,0,0,,,0,2.94E+11,,FALSE,,,,,,,reply,0,https://www.reddit.com/r/SuicideWatch/comments/di033h/today_i_attempted_to_commit_suicide/,1424469000,0,,,,0,0,0,,,0,0,FALSE,,0,4971,brandwatch
2,1999909584,Tresemme,0.030405093,TRESemm√© UK&Ireland (@TRESemmeUKI): RT @loosewomen: Imposter s ...,"RT @loosewomen: Imposter syndrome affects 88% of UK women. @TRESemmeUKI have teamed up with @AleshaOfficial,¬†@EmmaWillis¬†@clbleakley¬†to share hints and tips on how to #PowerYourPresence. Series available now on ITV Hub and STV Player. #ad pic.twitter.com/jP9ov39KHt",http://twitter.com/TRESemmeUKI/statuses/1183679785496731648,twitter.com,neutral,,twitter,en,us,n-a,North America,United States,,,,,organisational,,TRESemmeUKI,,,Europe,eu,United Kingdom,uk,Greater London,grd2,"eu,uk,engb,grd2,",England,engb,https://pbs.twimg.com/profile_images/730691945987756032/jKVs6kdu_normal.jpg,22,6,49850734,0,,FALSE,,,pic.twitter.com/jP9ov39KHt,0,https://twitter.com/loosewomen/status/1182271851973824516/video/1,,0,0,,0,,0,0,TRESemm√© UK&Ireland,,"#ad, #poweryourpresence",55,47295,0,0,0,0,0,,826,0,,0,,0,,http://pbs.twimg.com/amplify_video_thumb/1182226021401157636/img/g4wf1LR2rleQp67U.jpg,"@tresemmeuki, @aleshaofficial, @clbleakley, @loosewomen, @emmawillis",20,46,54,,,826,2.94E+11,https://t.co/jP9ov39KHt,FALSE,,,,,loosewomen,,share,0,,6000000000,0,,205249225,,47295,816,0,,http://twitter.com/loosewomen/statuses/1182271851973824516,0,8373,TRUE,,9.6,11444,brandwatch
3,1999909584,Tresemme,0.027534722,TEAMDENISEWELCH (@TEAMDENISEWELCH): RT @loosewomen: Imposter s ...,"RT @loosewomen: Imposter syndrome affects 88% of UK women. @TRESemmeUKI have teamed up with @AleshaOfficial,¬†@EmmaWillis¬†@clbleakley¬†to share hints and tips on how to #PowerYourPresence. Series available now on ITV Hub and STV Player. #ad pic.twitter.com/jP9ov39KHt",http://twitter.com/TEAMDENISEWELCH/statuses/1182334892165783552,twitter.com,neutral,,twitter,en,us,n-a,North America,United States,ma2k,cec2,no35,,organisational,,TEAMDENISEWELCH,,,Europe,eu,United Kingdom,uk,Derbyshire,derd,"eu,uk,engb,derd,",England,engb,https://pbs.twimg.com/profile_images/1122969107719229447/7zBs2miK_normal.jpg,22,6,49850734,0,,FALSE,North East,Cecil County,pic.twitter.com/jP9ov39KHt,0,https://twitter.com/loosewomen/status/1182271851973824516/video/1,,0,0,,0,,0,0,TEAMDENISEWELCH,,"#ad, #poweryourpresence",52,15213,0,0,0,0,0,,783,9,,0,,0,,http://pbs.twimg.com/amplify_video_thumb/1182226021401157636/img/g4wf1LR2rleQp67U.jpg,"@tresemmeuki, @aleshaofficial, @clbleakley, @loosewomen, @emmawillis",20,46,54,,,783,2.93E+11,https://t.co/jP9ov39KHt,FALSE,Maryland,,,,loosewomen,,share,0,,6000000000,0,,262340127,,15213,3730,0,,http://twitter.com/loosewomen/statuses/1182271851973824516,0,59521,FALSE,,9.6,6341,brandwatch
4,1999909584,Tresemme,0.013993056,TRESemm√© UK&Ireland (@TRESemmeUKI): #PositiveAffirmations incl ...,"#PositiveAffirmations include: ‚ÄúI can do anything I put my mind to.‚Äù
‚ÄúI deserve happiness.‚Äù
‚ÄúI am beautiful.‚Äù
‚ÄúI am loved.‚Äù #MentalHealthAwarenessDay #PowerYourPresence #ImposterSyndrome #WorldMentalHealthDay #ItsOkToNotBeOk #Mentalhealthawarenessday #wmhd2019 pic.twitter.com/QJyqXgFOob",http://twitter.com/TRESemmeUKI/statuses/1182329983676698624,twitter.com,neutral,Joy,twitter,en,us,n-a,North America,United States,,,,,organisational,,TRESemmeUKI,,,Europe,eu,United Kingdom,uk,Greater London,grd2,"eu,uk,engb,grd2,",England,engb,https://pbs.twimg.com/profile_images/730691945987756032/jKVs6kdu_normal.jpg,22,6,49850734,0,,FALSE,,,pic.twitter.com/QJyqXgFOob,0,https://twitter.com/TRESemmeUKI/status/1182329983676698624/photo/1,,0,0,,0,,0,0,TRESemm√© UK&Ireland,,"#impostersyndrome, #wmhd2019, #mentalhealthawarenessday, #poweryourpresence, #positiveaffirmations, #mentalhealthawarenessday, #worldmentalhealthday, #itsoktonotbeok",55,47316,0,0,0,0,0,,826,0,,0,,0,,http://pbs.twimg.com/media/EGh62reWsAAVmEB.jpg,,20,46,54,,,826,2.93E+11,https://t.co/QJyqXgFOob,FALSE,,,,,,,post,0,,6000000000,0,,205249225,,47316,816,0,,,0,8368,TRUE,,9.6,11447,brandwatch
5,1999909584,Tresemme,0.028101852,*~ DANNIEE ~* (@YO_its_Danniee): RT @loosewomen: Imposter s ...,"RT @loosewomen: Imposter syndrome affects 88% of UK women. @TRESemmeUKI have teamed up with @AleshaOfficial,¬†@EmmaWillis¬†@clbleakley¬†to share hints and tips on how to #PowerYourPresence. Series available now on ITV Hub and STV Player. #ad pic.twitter.com/jP9ov39KHt",http://twitter.com/YO_its_Danniee/statuses/1182274700178808832,twitter.com,neutral,,twitter,en,us,n-a,North America,United States,,,,,individual,,YO_its_Danniee,,,North America,n-a,United States,us,,,"n-a,us,,,",,,https://pbs.twimg.com/profile_images/1170033012232392705/wndQil26_normal.jpg,22,6,49850734,0,,FALSE,,,pic.twitter.com/jP9ov39KHt,0,https://twitter.com/loosewomen/status/1182271851973824516/video/1,,0,0,,0,,0,0,*~ DANNIEE ~*,male,"#ad, #poweryourpresence",53,1878,0,0,0,0,0,"Photo & Video, Fine arts, Music",788,10,,0,,0,,http://pbs.twimg.com/amplify_video_thumb/1182226021401157636/img/g4wf1LR2rleQp67U.jpg,"@tresemmeuki, @aleshaofficial, @clbleakley, @loosewomen, @emmawillis",20,46,54,,,788,2.93E+11,https://t.co/jP9ov39KHt,FALSE,,,,,loosewomen,,share,0,,6000000000,0,,106391931,,1878,2614,0,,http://twitter.com/loosewomen/statuses/1182271851973824516,0,121852,FALSE,,9.6,1079,brandwatch
6,1999909584,Tresemme,0.020833333,The Nolans fan ËßíÊ£ÆÊ≠£‰ø° (@kakumori12081): RT @loosewomen: Imposter s ...,"RT @loosewomen: Imposter syndrome affects 88% of UK women. @TRESemmeUKI have teamed up with @AleshaOfficial,¬†@EmmaWillis¬†@clbleakley¬†to share hints and tips on how to #PowerYourPresence. Series available now on ITV Hub and STV Player. #ad pic.twitter.com/jP9ov39KHt",http://twitter.com/kakumori12081/statuses/1182272065136517121,twitter.com,neutral,,twitter,en,us,n-a,North America,United States,,,,,individual,,kakumori12081,Sapporo,s04p,Asia,a-s,Japan,jp,Sapporo,s04g,"a-s,jp,hokk,s04g,s04p",Hokkaido,hokk,https://pbs.twimg.com/profile_images/912199065667899392/aCOqgusr_normal.jpg,22,6,49850734,0,,FALSE,,,pic.twitter.com/jP9ov39KHt,0,https://twitter.com/loosewomen/status/1182271851973824516/video/1,,0,0,,0,,0,0,The Nolans fan ËßíÊ£ÆÊ≠£‰ø°,unknown,"#ad, #poweryourpresence",43,2199,0,0,0,0,0,,643,8,,0,,0,,http://pbs.twimg.com/amplify_video_thumb/1182226021401157636/img/g4wf1LR2rleQp67U.jpg,"@tresemmeuki, @aleshaofficial, @clbleakley, @loosewomen, @emmawillis",20,46,54,,,643,2.93E+11,https://t.co/jP9ov39KHt,FALSE,,,,,loosewomen,,share,0,,6000000000,0,,1585523976,,2199,2246,0,,http://twitter.com/loosewomen/statuses/1182271851973824516,0,89458,FALSE,,9.6,1349,brandwatch
7,1999909584,Tresemme,0.020243056,Loose Women (@loosewomen): Imposter syndrome affects  ...,"Imposter syndrome affects 88% of UK women. @TRESemmeUKI have teamed up with @AleshaOfficial,¬†@EmmaWillis¬†@clbleakley¬†to share hints and tips on how to #PowerYourPresence. Series available now on ITV Hub and STV Player. #ad pic.twitter.com/jP9ov39KHt",http://twitter.com/loosewomen/statuses/1182271851973824516,twitter.com,neutral,,twitter,en,uk,eu,Europe,United Kingdom,engb,grd2,,,organisational,,loosewomen,,,Europe,eu,United Kingdom,uk,Greater London,grd2,"eu,uk,engb,grd2,",England,engb,https://pbs.twimg.com/profile_images/1148151023447564288/5eI9Ed2K_normal.png,22,6,49850734,0,,FALSE,,Greater London,pic.twitter.com/jP9ov39KHt,0.001090594,https://twitter.com/loosewomen/status/1182271851973824516/video/1,,0,0,,0,,0,0,Loose Women,,"#ad, #poweryourpresence",67,728048,0,0,0,0,0,,949,6,,0,,0,,http://pbs.twimg.com/amplify_video_thumb/1182226021401157636/img/g4wf1LR2rleQp67U.jpg,"@tresemmeuki, @aleshaofficial, @clbleakley, @emmawillis",20,46,54,,,6058,2.93E+11,https://t.co/jP9ov39KHt,FALSE,England,,,,,,post,2.93E+11,,6000000000,0,,19329967,,641852,3133,2,,,5,36142,TRUE,,9.6,43494,brandwatch
2456,,,2019-09-29T22:22:05.000Z,,"Flash back and reflecting on this post from last November by @talkstigma ???We all need a reminder of how important our presence is in the world and how important it is that we take care of ourselves so that we can give to others... this Sunday is self care day for me. I hope you all are getting your self care on, whatever that may look like to you?? sending much love and miracles to everyone who reads this ????#mentalmiracles? #selfcaresundays #selfcare #loveyourself #selflove #transformation #power #personalpower #changeyourmindchangeyourlife #yourpresenceisyourpower #healing #personaltransformation #healingmoments #spiritualawareness #spiritualmentalphysical",https://www.instagram.com/p/B3Av-E8g-KB,,,,,,,,,,,,,,,,,,,,,,,,,,,,https://scontent-frx5-1.cdninstagram.com/vp/8663377e574250e6330d5a9989ee3f68/5E34575E/t51.2885-15/e35/s1080x1080/70811119_1672265036237447_4596207199936263563_n.jpg?_nc_ht=scontent-frx5-1.cdninstagram.com&_nc_cat=111,,,,,,,,,,,,,,,,,,,,,,,,,,,,23,,,,,,,,,,,,,,,,,,,,,,,,,,,,,,,,,,,,,,,,,,,,,,instagram
2457,,,2019-09-10T18:11:10.000Z,,"?Uplift?
ïï
What does this word mean to you?
ïï
When I think of this word I canít help but think of @gabbybernstein ës quote...îYour presence is your power.î
ïï
My MO is to do ALL the things ...and do them all at once.  Itís engrained in my brain (how exhausting!)...and if I donít step back from the noise I am left exhausted, depleted, irritable (just ask my hubby!!).
ïï
Today I had the incredible opportunity to jump in live in our @zyiaactive Corporate group to talk about this word..UPLIFT...and what it meant to me.  Because these are the things that this company holds as utmost importance in our lives + this world
ïï
I got to share the fact that it is incredibly important to take time to reflect on how you want to show up each day + each moment, to pinpoint the things In Life that allow us to show up this way, and the things in life that keep us from feeling this way.
ïï
When we take time to do this, we become uplifted...and from that we uplift those around us.
ïï
Take time for YOU + do the things in life that uplift your presence ?? #upliftzyia #yourpresenceisyourpower #uplift #bethelight",https://www.instagram.com/p/B2PYJpfHnYo,,,,,,,,,,,,,,,,,,,,,,,,,,,,https://scontent-frx5-1.cdninstagram.com/vp/2a9465f557361df142d6329f3603c118/5E2BA0D1/t51.2885-15/e35/p1080x1080/69893788_156122535481564_4188799173651307669_n.jpg?_nc_ht=scontent-frx5-1.cdninstagram.com&_nc_cat=104,,,,,,,,,,,,,,,,,,,,,,,,,,,,28,,,,,,,,,,,,,,,,,,,,,,,,,,,,,,,,,,,,,,,,,,,,,,instagram
2458,,,2019-08-22T14:23:30.000Z,,"Enjoying London in Little Venice. My son is a hoot. and makes me laugh. As @monique_verwoert says' It's important to have a twinkle in every wrinkle'. And laughing makes that possible.  #sexyat70 #babyboomer #animalprint #happiness #train #foreverfierce #agelessbeauty #aintdeadyet #yourpresenceisyourpower #confident #confidentwomen #laughing
#bebold #bold #andbloom #brave #aging #agepositive #womenforwomen #womenempowerment #fearless #proud #womenover70 #justBE #YOU #selflove #ageism",https://www.instagram.com/p/B1eC_i2Fc0K,,,,,,,,,,,,,,,,,,,,,,,,,,,,https://scontent-frx5-1.cdninstagram.com/vp/14fa41ed301910de76489ad670711ce5/5E3078E3/t51.2885-15/fr/e15/s1080x1080/69618496_160289138455534_2848791619811963946_n.jpg?_nc_ht=scontent-frx5-1.cdninstagram.com&_nc_cat=110,,,,,,,,,,,,,,,,,,,,,,,,,,,,270,,,,,,,,,,,,,,,,,,,,,,,,,,,,,,,,,,,,,,,,,,,,,,instagram
2459,,,2019-08-16T16:02:03.000Z,,"""It is time to let go, be guided and expect miracles.""?????????
~Gabby Bernstein?????????
?????????
Who is in? ??????? Tune in and listen to the deep call within. Live your dharma. Slow down and witness how things miraculously fall into place. It can be easier than the mind wants to make it. Iím not saying itíll be easy every step of the way, but it will be expansive and you will align with your truth. You will evolve and live at your highest potential. ?????????
?????????
What is one step you can commit to N O W in service to letting go and trusting the flow? ???????????
.?????????
.?????????
.?????????
#dharma#miracles#kindness#truth#letgo#livingwholly#weekend#wellpreneur#now#yourpresenceisyourpower#mindbodysoul#trust#superattractor#spiritjunkie#theuniversehasyourback",https://www.instagram.com/p/B1OxgDSAo3T,,,,,,,,,,,,,,,,,,,,,,,,,,,,https://scontent-frx5-1.cdninstagram.com/vp/d111da820f6553d927a6d5d5666662ec/5E2743CE/t51.2885-15/fr/e15/s1080x1080/67610323_2320262404759968_2081329941364883465_n.jpg?_nc_ht=scontent-frx5-1.cdninstagram.com&_nc_cat=100,,,,,,,,,,,,,,,,,,,,,,,,,,,,58,,,,,,,,,,,,,,,,,,,,,,,,,,,,,,,,,,,,,,,,,,,,,,instagram
2460,,,2019-08-10T17:54:58.000Z,,"How can you create more sunshine in your life?

Hereís a hint...it starts from within??? Stop relying on external factors my love.

Breathe.

Be present and focus on all you have to be grateful for in this moment right now.

Now, give thanks. Receive the feeling of gratitude that washes over you.

Sending you love and light????? #happysaturday #messagefromspirit #soulwhisperer #gratitude #bestill #breathe #yourpresenceisyourpower #lawofattraction #manifest #selflove #mindfulness #lightworker #healer #empath #hsp #infp #latergram #holistichealthcoach #intuitive #vegan #namaste ??",https://www.instagram.com/p/B0_g6RyAQLn,,,,,,,,,,,,,,,,,,,,,,,,,,,,https://scontent-frx5-1.cdninstagram.com/vp/adfe0559bae2abc29eb262b012bc09a0/5DA8D2BC/t51.2885-15/e35/67686456_382869625756727_6497877638055544173_n.jpg?_nc_ht=scontent-frx5-1.cdninstagram.com&_nc_cat=111,,,,,,,,,,,,,,,,,,,,,,,,,,,,8,,,,,,,,,,,,,,,,,,,,,,,,,,,,,,,,,,,,,,,,,,,,,,instagram
